date,quote,author
2/28/2023,Perfection is attained by slow degrees; it requires the hand of time.,Voltaire
3/1/2023,Begin at the beginning and go on till you come to the end; then stop.,Lewis Carroll 
3/1/2023,If you want to fly give up everything that weighs you down.,Buddha
3/2/2023,The whole secret of life is to be interested in one thing profoundly and in a thousand things well.,Horace Walpole
3/2/2023,Nothing has such power to broaden the mind as the ability to investigate systematically and truly all that comes under thy observation in life.,Marcus Aurelius
3/7/2023,"Prosperity tries the fortunate, adversity the great.",Rose Kennedy
3/7/2023,It takes nothing to join the crowd. It takes everything to stand alone.,Hans F. Hansen
3/8/2023,What is called genius is the abundance of life and health.,Henry David Thoreau
3/8/2023,Positive thinking will let you do everything better than negative thinking will.,Zig Ziglar
3/9/2023,Don’t be pushed by your problems; be led by your dreams.,Ralph Waldo Emerson
3/9/2023,"Perfection is not attainable, but if we chase perfection we can catch excellence.",Vince Lombardi
3/14/2023,A will finds a way.,Orison Swett Marden
3/14/2023,Don’t downgrade your dream just to fit your reality. Upgrade your conviction to match your destiny.,Stuart Scott
3/15/2023,"If you think you can do it, you can.",John Burroughs
3/15/2023,Failure will never overtake me if my determination to succeed is strong enough.,Og Mandino
3/16/2023,"If you don't like something, change it. If you can't change it, change your attitude.",Maya Angelou
3/16/2023,"Attitude is everything, so pick a good one.",Wayne Dyer
3/21/2023,There is no end. There is no beginning. There is only the passion of life.,Federico Fellini
3/21/2023,"My mission in life is not merely to survive, but to thrive; and to do so with some passion, some compassion, some humor, and some style.",Maya Angelou
3/22/2023,Success is the sum of small efforts - repeated day in and day out.,Robert Collier
3/22/2023,We may encounter many defeats but we must not be defeated.,Maya Angelou
3/23/2023,"Unity is strength... when there is teamwork and collaboration, wonderful things can be achieved.",Mattie Stepanek
3/23/2023,A man sees in the world what he carries in his heart.,Johann Wolfgang von Goethe
3/28/2023,"He is the best man who, when making his plans, fears and reflects on everything that can happen to him, but in the moment of action is bold.",Herodotus
3/28/2023,"The bravest are surely those who have the clearest vision of what is before them, glory and danger alike, and yet notwithstanding, go out to meet it.",Thucydides
3/29/2023,"There are some things you learn best in calm, and some in storm.",Willa Cather
3/29/2023,Sound character provides the power with which a person may ride the emergencies of life instead of being overwhelmed by them. Failure is... the highway to success.,Og Mandino
4/4/2023,Knowing others is intelligence; knowing yourself is true wisdom.,Lao Tzu
4/4/2023,It is even better to act quickly and err than to hesitate until the time of action is past.,Carl von Clausewitz
4/5/2023,"They always say time changes things, but you actually have to change them yourself.",Andy Warhol
4/5/2023,"The greatness of a man is not in how much wealth he acquires, but in his integrity and his ability to affect those around him positively.",Bob Marley
4/6/2023,Success seems to be largely a matter of hanging on after others have let go.,William Feather
4/6/2023,"I have not failed. I've just found 10,000 ways that won't work.",Thomas A. Edison
4/11/2023,"Progress lies not in enhancing what is, but in advancing toward what will be.",Khalil Gibran
4/11/2023,From a little spark may burst a flame.,Dante Alighieri
4/12/2023,Common sense is not so common.,Voltaire
4/12/2023,The man of genius is he and he alone who finds such joy in his art that he will work at it come hell or high water.,Stendhal
4/13/2023,"Often just by taking action, by doing something about the situation can relieve the stress and help correct the situation.",Catherine Pulsifer
4/13/2023,All the art of living lies in a fine mingling of letting go and holding on.,Havelock Ellis
4/18/2023,Never leave that till tomorrow which you can do today.,Benjamin Franklin
4/18/2023,To live is to think.,Marcus Tullius Cicero
4/19/2023,Always do whatever's next.,George Carlin
4/20/2023,"It is difficult to say what is impossible, for the dream of yesterday is the hope of today and the reality of tomorrow.",Robert H. Goddard
4/25/2023,"Alas, how terrible is wisdom when it brings not profit to the wise.",Sophocles
4/25/2023,The only true wisdom is in knowing you know nothing.,Socrates
4/26/2023,Nobody who ever gave his best regretted it.,George Halas
4/26/2023,"He has achieved success who has worked well, laughed often, and loved much.",Elbert Hubbard
4/27/2023,Excellence is the gradual result of always striving to do better.,Pat Riley
4/27/2023,One of the most sincere forms of respect is actually listening to what another has to say.,Bryant H. McGill
4/27/2023,This world is but a canvas to our imagination.,Henry David Thoreau
4/27/2023,"One man can be a crucial ingredient on a team, but one man cannot make a team.",Kareem Abdul-Jabbar
5/9/2023,All great achievements require time.,Maya Angelou
5/9/2023,It is amazing what you can accomplish if you do not care who gets the credit.,Harry S. Truman
5/10/2023,Belief in oneself is one of the most important bricks in building any successful venture.,Lydia M. Child
5/10/2023,"What lies behind you and what lies in front of you, pales in comparison to what lies inside of you.",Ralph Waldo Emerson
5/11/2023,Genius is eternal patience.,Michelangelo
5/11/2023,Nothing ever becomes real till it is experienced.,John Keats
5/16/2023,Have patience. All things are difficult before they become easy.,Saadi
5/16/2023,"You may not control all the events that happen to you, but you can decide not to be reduced by them.",Maya Angelou
5/17/2023,Each day provides its own gifts.,Marcus Aurelius
5/17/2023,Remember upon the conduct of each depends the fate of all. There is nothing impossible to him who will try.,Alexander the Great
5/17/2023,Trouble shared is trouble halved.,Lee Iacocca
5/18/2023,Nothing can be done except little by little.,Charles Baudelaire
5/18/2023,It had long since come to my attention that people of accomplishment rarely sat back and let things happen to them.  They went out and happened to things.,Leonardo Da Vinci
5/23/2023,"The only true measure of success is the ratio between what we might have done and what we might have been on the one hand, and the thing we have made and the things we have made of ourselves on the other.",H.G. Wells
5/23/2023,Rough diamonds may sometimes be mistaken for worthless pebbles.,Thomas Browne
5/23/2023,The greatest weapon against stress is our ability to choose one thought over another. ,William James
5/24/2023,"Without craftsmanship, inspiration is a mere reed shaken in the wind.",Johannes Brahms
5/24/2023,Either move or be moved.,Ezra Pound
5/25/2023,To live is to think.,Marcus Tullius Cicero
5/25/2023,Heroes never die. They live forever in the hearts and minds of those who would follow in their footsteps.,Emily Potter
5/30/2023,Give light and people will find the way.,Ella Baker
5/30/2023,The most satisfying thing in life is to have been able to give a large part of one's self to others.,Pierre Teilhard de Chardin
5/31/2023,"If you want to lift yourself up, lift up someone else. Nothing ever comes to one, that is worth having, except as a result of hard work.",Booker T. Washington
5/31/2023,"Your attitude, not your aptitude, will determine your altitude.",Zig Ziglar
6/1/2023,Be not simply good - be good for something.,Henry David Thoreau
6/1/2023,"When you encourage others, you in the process are encouraged because you're making a commitment and difference in that person's life. Encouragement really does make a difference.",Zig Ziglar
6/6/2023,Hope is the only bee that makes honey without flowers. Happiness is the only good. The time to be happy is now. The place to be happy is here. The way to be happy is to make others so.,Robert Green Ingersoll
6/6/2023,"Not what we have But what we enjoy, constitutes our abundance.",Epicurus
6/7/2023,It's the job that's never started as takes longest to finish.,J.R.R. Tolkien
6/7/2023,Those who say it can't be done are usually interrupted by others doing it.,James Baldwin
6/7/2023,Man is a genius when he is dreaming.,Akira Kurosawa
6/7/2023,"Endurance is not just the ability to bear a hard thing, but to turn it into glory.",William Barclay
6/8/2023,"Step with care and great tact, and remember that Life's a Great Balancing Act.",Dr. Seuss
6/8/2023,Creativity is thinking up new things.  Innovation is doing new things.,Theodore Levitt
6/9/2023,"Hope is like the sun, which, as we journey toward it, casts the shadow of our burden behind us.",Samuel Smiles
6/9/2023,"When you catch a glimpse of your potential, that's when passion is born.",Zig Ziglar
6/13/2023,Don’t aspire to be the best on the team. Aspire to be the best for the team.,Brian Tracy
6/13/2023,"To know that we know what we know, and to know that we do not know what we do not know, that is true knowledge.",Nicolaus Copernicus
6/14/2023,Genius ain't anything more than elegant common sense.,Josh Billings 
6/14/2023,"It is our attitude at the beginning of a difficult task which, more than anything else, will affect its successful outcome.",William James
6/15/2023,"Work hard, be kind, and amazing things will happen.",Conan O’Brien
6/15/2023,"Become the kind of leader that people would follow voluntarily, even if you had no title or position.",Brian Tracy
6/20/2023,"Let your hopes, not your hurts, shape your future.",Robert H. Schuller
6/20/2023,Cheerfulness is the best promoter of health and is as friendly to the mind as to the body.,Joseph Addison
6/20/2023,Today's accomplishments were yesterday's impossibilities.,Robert H. Schuller
6/21/2023,A man is what he thinks about all day long.,Ralph Waldo Emerson
6/21/2023,You have to take risks. We will only understand the miracle of life fully when we allow the unexpected to happen.,Paulo Coehlo
6/22/2023,A family is a place where principles are hammered and honed on the anvil of everyday living.,Charles R. Swindoll
6/22/2023,The right to be respected is won by respecting others.,Vasyl Sukhomlynsky
6/23/2023,One's destination is never a place but rather a new way of looking at things.,Henry Miller
6/23/2023,"If one advances confidently in the direction of his dreams, and endeavors to live the life which he has imagined, he will meet with a success unexpected in common hours.",Henry David Thoreau
6/23/2023,"Plunge boldly into the thick of life, and seize it where you will, it is always interesting.",Johann Wolfgang von Goethe
6/23/2023,"You will find peace not by trying to escape your problems, but by confronting them courageously. You will find peace not in denial, but in victory.",J. Donald Walters
6/26/2023,All human beings are also dream beings. Dreaming ties all mankind together.,Jack Kerouac
6/26/2023,To find joy in work is to discover the fountain of youth.,Pearl S. Buck
6/27/2023,We aim above the mark to hit the mark.,Ralph Waldo Emerson
6/27/2023,Life ought to be a struggle of desire toward adventures whose nobility will fertilize the soul.,Rebecca West
6/27/2023,Perseverance is not a long race; it is many short races one after the other.,Walter Elliot
6/27/2023,Happiness lies in the joy of achievement and the thrill of creative effort.,Franklin D. Roosevelt
6/28/2023,"Error is discipline through which we advance.

The great hope of society is in individual character.",William Ellery Channing
6/28/2023,"They didn't want it good, they wanted it Wednesday.",Robert A. Heinlein
6/29/2023,It's easier to go down a hill than up it but the view is much better at the top.,Henry Ward Beecher
6/29/2023,"The difference between perseverance and obstinacy is that one comes from a strong will, and the other from a strong won't.",Henry Ward Beecher
6/29/2023,Stand up to your obstacles and do something about them. You will find that they haven't half the strength you think they have.,Norman Vincent Peale
6/29/2023,"Wherever you go, no matter what the weather, always bring your own sunshine.",Anthony J. D’Angelo
6/29/2023,In dreams begins responsibility.,William Butler Yeats
7/5/2023,Courage is knowing what not to fear.,Plato
7/5/2023,What then is freedom? The power to live as one wishes.,Marcus Tullius Cicero
7/6/2023,"Creativity makes a leap, then looks to see where it is.",Mason Cooley
7/6/2023,"Your life does not get better by chance, it gets better by change.",Jim Rohn
7/7/2023,Remember tonight... for it is the beginning of always.,Dante Alighieri
7/7/2023,Any time not spent on love is wasted.,Torquato Tasso
7/7/2023,"It is more honorable to be raised to a throne than to be born to one. Fortune bestows the one, merit obtains the other.",Petrarch
7/11/2023,"He is happiest, be he king or peasant, who finds peace in his home.",Johann Wolfgang von Goethe
7/11/2023,Behavior is the mirror in which everyone shows their image.,Johann Wolfgang von Goethe
7/11/2023,For the beautiful word begets the beautiful deed.,Thomas Mann
7/11/2023,Do what you fear and fear disappears.,David Joseph Schwartz
7/11/2023,"I have learned over the years that when one's mind is made up, this diminishes fear; knowing what must be done does away with fear.",Rosa Parks
7/12/2023,Start where you are. Use what you have. Do what you can.,Arthur Ashe
7/12/2023,"We keep moving forward, opening new doors, and doing new things, because we're curious and curiosity keeps leading us down new paths.",Walt Disney
7/12/2023,"Correction does much, but encouragement does more.",Johann Wolfgang von Goethe
7/12/2023,Your present circumstances don't determine where you can go; they merely determine where you start,Nido Quebein
7/12/2023,"We should all consider each other as human beings, and we should respect each other.",Malala Yousafzai
7/13/2023,"We first make our habits, and then our habits make us. For they conquer who believe they can.",John Dryden
7/13/2023,The soul's joy lies in doing.,Percy Bysshe Shelly
7/13/2023,"Patience is necessary, and one cannot reap immediately where one has sown.",Soren Kierkegaard
7/13/2023,Knowledge is of no value unless you put it into practice.,Anton Chekhov
7/18/2023,One who gains strength by overcoming obstacles possesses the only strength which can overcome adversity.,Albert Schweitzer
7/18/2023,Those who let things happen usually lose to those who make things happen.,Dave Weinbaum
7/19/2023,Better keep yourself clean and bright; you are the window through which you must see the world.,George Bernard Shaw
7/19/2023,It's a wonderful thing to be optimistic. It keeps you healthy and it keeps you resilient.,Daniel Kahneman
7/19/2023,"Hope is like the sun, which, as we journey toward it, casts the shadow of our burden behind us.",Samuel Smiles
7/20/2023,"On or off the field, practice and teamwork are the key to success.",Malcom Jenkins
7/20/2023,"Teamwork is the best kind of work, really.",Sigrid
7/20/2023,"We all have ability. The difference is how we use it.
It's how you deal with failure that determines how you achieve success.",Charlotte Whitton
7/20/2023,"There is no medicine like hope, no incentive so great, and no tonic so powerful as expectation of something better tomorrow.",Orison Swett Marden
7/24/2023,Genius is the ability to renew one's emotions in daily experience.,Paul Cezanne
7/25/2023,All that we are not stares back at what we are.,W.H. Auden 
7/25/2023,"Empathy is seeing with the eyes of another, listening with the ears of another and feeling with the heart of another.",Alfred Adler
7/26/2023,I never think of the future - it comes soon enough.,Albert Einstein
7/26/2023,Obstacles are things a person sees when he takes his eyes off his goal.,E. Joseph Cossman
7/27/2023,The journey of a thousand miles begins with one step.,Lao Tzu
7/27/2023,When I let go of what I am. I become what I might be.,Lao Tzu
7/27/2023,Perceive that which cannot be seen with the eye.,Miyamato Musashi
8/1/2023,You will never win if you never begin.,Helen Rowland
8/1/2023,"You’re braver than you believe, and stronger than you seem, and smarter than you think.",A.A. Milnekezkezr
8/2/2023,Genius might be the ability to say a profound thing in a simple way.,Charles Bukowski
8/2/2023,"Dripping water hollows out stone, not through force but through persistence.",Ovid
8/3/2023,"Form follows function - that has been misunderstood. Form and function should be one, joined in a spiritual union.",Frank Lloyd Wright
8/3/2023,Your problem is to bridge the gap which exists between where you are now and the goal you intend to reach.,Earl Nightingale
8/3/2023,Creativity is a natural extension of our enthusiasm.,Earl Nightingale
8/8/2023,"When one must, one can.",Charlotte Whitton
8/8/2023,There are far better things ahead than any we leave behind.,C.S. Lewis
8/8/2023,Only the guy who isn't rowing has time to rock the boat.,Jean-Paul Sartre
8/9/2023,Great works are performed not by strength but by perseverance.,Samuel Johnson
8/9/2023,"The deed is everything, the glory is naught.",Johann Wolfgang von Goethe
8/9/2023,"The greater danger for most of us lies not in setting our aim too high and falling short; but in setting our aim too low, and achieving our mark.",Michelangelo
8/9/2023,The strongest person in the world is the one who has the ability to lift another’s spirits.,Rebecca Vietzke
8/10/2023,"The key is to keep company only with people who uplift you, whose presence calls forth your best.",Epicetus
8/10/2023,"Always do your best. What you plant now, you will harvest later.",Og Mandino
8/10/2023,Success - keeping your mind awake and your desire asleep.,Walter Scott
8/10/2023,"To be ambitious of true honor, of the true glory and perfection of our natures, is the very principle and incentive of virtue.",Walter Scott
8/10/2023,Be brave to stand for what you believe in even if you stand alone.,Roy T. Bennett
8/11/2023,Act as if what you do makes a difference. It does.,William James
8/11/2023,Without labor nothing prospers.,Sophocles
8/14/2023,"Happiness is a direction, not a place.",Sydney J. Harris
8/14/2023,"It is not by muscle, speed, or physical dexterity that great things are achieved, but by reflection, force of character, and judgment.",Marcus Tullius Cicero
8/15/2023,"The heights by great men reached and kept were not attained by sudden flight, but they, while their companions slept, were toiling upward in the night.",Henry Wadsworth Longfellow
8/15/2023,Keep your face always toward the sunshine - and shadows will fall behind you.,Walt Whitman
8/15/2023,"The only means of strengthening one's intellect is to make up one's mind about nothing, to let the mind be a thoroughfare for all thoughts.",John Keats
8/15/2023,Life was always a matter of waiting for the right moment to act.,Paulo Coehlo
8/16/2023,I've learned that you shouldn't go through life with a catcher's mitt on both hands; you need to be able to throw something back.,Maya Angelou
8/16/2023,"So the darkness shall be the light, and the stillness the dancing.",T.S. Eliot
8/17/2023,"Human behavior flows from three main sources: desire, emotion, and knowledge.",Plato
8/17/2023,Patience is not simply the ability to wait - it's how we behave while we're waiting.,Joyce Meyer
8/17/2023,The question isn't who is going to let me; it's who is going to stop me.,Ayn Rand
8/17/2023,"It seems to be a law of nature, inflexible and inexorable, that those who will not risk cannot win.",John Paul Jones
8/22/2023,"Knowledge comes, but wisdom lingers.",Alfred Lord Tennyson
8/22/2023,Without knowledge action is useless and knowledge without action is futile.,Abu Bakr
8/23/2023,I always entertain great hopes.,Robert Frost
8/23/2023,The best prophet of the future is the past.,Lord Byron
8/23/2023,"To give anything less than your best, is to sacrifice the gift.",Steve Prefontaine
8/24/2023,"Lend yourself to others, but give yourself to yourself.",Michel de Montaigne
8/24/2023,"If you don't know where you are going, you might wind up someplace else.",Yogi Berra
8/24/2023,"There are three classes of people: those who see, those who see when they are shown, those who do not see.",Leonardo da Vinci
8/25/2023,"The way you see people is the way you treat them, and the way you treat them is what they become.",Johann Wolfgang von Goethe
8/25/2023,Let us be grateful to the mirror for revealing to us our appearance only.,Samuel Butler
8/29/2023,"Make the best use of what is in your power, and take the rest as it happens.",Epictetus
8/29/2023,Life is a lot like jazz... it's best when you improvise.,George Gershwin
8/29/2023,No one ever made a difference by being like everyone else.,R. Buckminster Fuller
8/30/2023,"The highest and most beautiful things in life are not to be heard about, nor read about, nor seen but, if one will, are to be lived.",Soren Kierkegaard
8/30/2023,Good questions outrank easy answers.,Paul Samuelson
8/30/2023,"We are here to add what we can to life, not to get what we can from life.",William Osler
8/31/2023,Life can only be understood backwards; but it must be lived forwards.,Soren Kierkegaard
8/31/2023,How you think when you lose determines how long it will be until you win.,Gilbert Keith Chesterton
8/31/2023,You have succeeded in life when all you really want is only what you really need.,Vernon Howard
9/5/2023,What happens is not as important as how you react to what happens.,Ellen Glasgow
9/5/2023,Entrepreneurs are simply those who understand that there is little difference between obstacle and opportunity and are able to turn both to their advantage.,Niccolo Macchiavelli
9/6/2023,"Life is a travelling to the edge of knowledge, then a leap taken.",D.H. Lawrence
9/6/2023,"Do your own thinking independently. Be the chess player, not the chess piece.",Ralph Charell
9/7/2023,"The aim of life is to live, and to live means to be aware, joyously, drunkenly, serenely, divinely aware.",Henry Miller
9/7/2023,"Never let the future disturb you. You will meet it, if you have to, with the same weapons of reason which today arm you against the present.",Marcus Aurelius
9/12/2023,Obstacles are things a person sees when he takes his eyes off his goal.,E. Joseph Cossman
9/12/2023,"When you're surrounded by people who share a passionate commitment around a common purpose, anything is possible.",Howard Schultz
9/13/2023,"Passion is one great force that unleashes creativity, because if you're passionate about something, then you're more willing to take risks.",Yo-Yo Ma
9/13/2023,To be yourself in a world that is constantly trying to make you something else is the greatest accomplishment.,Ralph Waldo Emerson
9/14/2023,Big results require big ambitions.,Heraclitus
9/14/2023,The secret of business is to know something that nobody else knows.,Aristotle Onassis
9/19/2023,"As with the butterfly, adversity is necessary to build character in people.",Joseph B. Wirthlin
9/19/2023,"You can never learn less, you can only learn more.",Joseph B. Wirthlin
9/19/2023,"Integrity is the essence of everything successful.

",R. Buckminster Fuller
9/19/2023,You cannot escape the responsibility of tomorrow by evading it today.,Abraham Lincoln
9/20/2023,"My belief is that we were put into this world of wonders and beauty with a special ability to appreciate them, in some cases to have the fun of taking a hand in developing them, and also in being able to help other people instead of overreaching them and, through it all, to enjoy life - that is, to be happy.",Robert Baden-Powell
9/20/2023,"There must be a beginning of any great matter, but the continuing unto the end until it be thoroughly finished yields the true glory.",Francis Drake
9/21/2023,My optimism wears heavy boots and is loud.,Henry Rollins
9/21/2023,It takes but one positive thought when given a chance to survive and thrive to overpower an entire army of negative thoughts.,Robert H. Schuller
9/22/2023,Ever tried. Ever failed. No matter. Try Again. Fail again. Fail better.,Samuel Beckett
9/22/2023,Optimism is the faith that leads to achievement. Nothing can be done without hope and confidence.,Helen Keller
9/22/2023,You need a little bit of insanity to do great things.,Henry Rollins
9/25/2023,Believe you can and you're halfway there.,Theodore Roosevelt
9/26/2023,Start where you are. Use what you have. Do what you can.,Arthur Ashe
9/26/2023,"Appreciation can make a day, even change a life.  Your willingness to put it into words is all that is needed.",Margaret Cousins
9/26/2023,"March on. Do not tarry. To go forward is to move toward perfection. March on, and fear not the thorns, or the sharp stones on life's path.",Khalil Gibran
9/27/2023,"For success, attitude is equally as important as ability.",Walter Scott
9/27/2023,Attitudes are more important than facts.,George MacDonald
9/27/2023,Leadership is practiced not so much in words as in attitude and in actions.,Harold S. Geneen
9/28/2023,Can’t rain all the time.,Eric Draven (The Crow)
9/28/2023,"March on. Do not tarry. To go forward is to move toward perfection. March on, and fear not the thorns, or the sharp stones on life's path.",Khalil Gibran
10/3/2023,Keep your face always toward the sunshine - and shadows will fall behind you.,Walt Whitman
10/3/2023,It is never too late to be what you might have been.,George Eliot
10/3/2023,Action is the foundational key to all success.,Pablo Picasso
10/4/2023,"Great things are not done by impulse, but by a series of small things brought together.",George Eliot
10/4/2023,The greatest use of a life is to spend it on something that will outlast it.,William James
10/4/2023,"It is not living that matters, but living rightly.",Socrates
10/4/2023,You can't do it unless you can imagine it.,George Lucas
10/4/2023,"As long as we are persistence in our pursuit of our deepest destiny, we will continue to grow. We cannot choose the day or time when we will fully bloom. It happens in its own time.",Denis Waitley
10/5/2023,"Here is the rule to remember in the future, When anything tempts you to be bitter: not, 'This is a misfortune' but 'To bear this worthily is good fortune.'",Marcus Aurelius
10/5/2023,"I have realized that the past and future are real illusions, that they exist in the present, which is what there is and all there is.",Alan Watts
10/10/2023,Zeal will do more than knowledge.,William Hazlitt
10/10/2023,"If you do not expect the unexpected you will not find it, for it is not to be reached by search or trail.",Heraclitus
10/10/2023,If you have zest and enthusiasm you attract zest and enthusiasm. Life does give back in kind.,Norman Vincent Peale
10/11/2023,"Individual commitment to a group effort - that is what makes a team work, a company work, a society work, a civilization work.",Vince Lombardi
10/11/2023,"When a team feels like a family, they will go all out to love and serve one another.",Perry Noble
10/11/2023,All the forces in the world are not so powerful as an idea whose time has come.,Victor Hugo
10/11/2023,"That which is striking and beautiful is not always good, but that which is good is always beautiful.",Ninon de L’Enclos
10/12/2023,"If a man does not keep pace with his companions, perhaps it is because he hears a different drummer. Let him step to the music which he hears, however measured or far away.",Henry David Thoreau
10/12/2023,A warm smile is the universal language of kindness.,William Arthur Ward
10/12/2023,"You have power over your mind - not outside events. Realize this, and you will find strength.",Marcus Aurelius
10/12/2023,"A single twig breaks, but the bundle of twigs is strong.",Tecumseh
10/12/2023,"Never, never, never give up.",Winston Churchill
10/13/2023,Today you are you! That is truer than true! There is no one alive who is you-er than you!,Dr. Seuss
10/13/2023,"A birthday is just another day where you go to work and people give you love. Age is just a state of mind, and you are as old as you think you are. You have to count your blessings and be happy.",Abhishek Bachchan
10/17/2023,They're only truly great who are truly good.,George Chapman
10/17/2023,The true method of knowledge is experiment.,William Blake
10/18/2023,"I can, therefore I am.",Simone Weil
10/18/2023,Your successes and happiness are forgiven you only if you generously consent to share them.,Albert Camus
10/18/2023,You have to stay faithful to what you're working on.,Stephen King
10/19/2023,Sometimes adversity is what you need to face in order to become successful.,Zig Ziglar
10/19/2023,Genius is the ability to put into effect what is on your mind.,F. Scott Fitzgerald
10/19/2023,"Make the best use of what is in your power, and take the rest as it happens.",Epicetus
10/23/2023,"Opportunities are like sunrises. If you wait too long, you miss them.",William Arthur Ward
10/24/2023,Think in the morning. Act in the noon. Eat in the evening. Sleep in the night.,William Blake
10/24/2023,Autumn is a second spring when every leaf is a flower.,Albert Camus
10/24/2023,"Man, unlike anything organic or inorganic in the universe, grows beyond his work, walks up the stairs of his concepts, emerges ahead of his accomplishments.",John Steinbeck
10/25/2023,A man who is a master of patience is master of everything else.,George Savile
10/25/2023,"The most beautiful people we have known are those who have known defeat, known suffering, known struggle, known loss, and have found their way out of the depths.",Elixabeth Kubler-Ross
10/25/2023,"It is not enough to do your best; you must know what to do, and then do your best.",W. Edwards Deming
10/26/2023,The best way to predict the future is to create it.,Peter Drucker
10/26/2023,Management is doing things right; leadership is doing the right things.,Peter Drucker
10/26/2023,A man's manners are a mirror in which he shows his portrait.,Johann Wolfgang von Goethe
10/26/2023,Character develops itself in the stream of life.,Johann Wolfgang von Goethe
10/26/2023,Times and conditions change so rapidly that we must keep our aim constantly focused on the future.,Walt Disney
10/27/2023,"On Halloween, the parents sent their kids out looking like me.",Rodney Dangerfield
10/31/2023,"Halloween is not only about putting on a costume, but it's about finding the imagination and costume within ourselves.",Elvis Duran
10/31/2023,"Despite everything, I believe that people are really good at heart.",Anne Frank
11/1/2023,Everybody gets so much information all day long that they lose their common sense.,Gertrude Stein
11/1/2023,"When we’re connected to others, we become better people.",Randy Pausch
11/1/2023,Follow your honest convictions and be strong.,William Makepeace Thackeray
11/2/2023,A man can succeed at almost anything for which he has unlimited enthusiasm.,Charles Schwab
11/2/2023,An intellectual says a simple thing in a hard way. An artist says a hard thing in a simple way.,Charles Bukowski
11/2/2023,The most wasted of all days is one without laughter.,e.e. cummings
11/2/2023,There are no new ideas. There are only new ways of making them felt.,Audre Lorde
11/2/2023,What is great in man is that he is a bridge and not a goal.,Friedrich Nietzsche
11/7/2023,You cannot create experience. You must undergo it.,Albert Camus
11/7/2023,Experience is the teacher of all things.,Julius Caesar
11/7/2023,"Always recognize that human individuals are ends, and do not use them as means to your end.",Immanuel Kant
11/8/2023,It is not enough to have a good mind; the main thing is to use it well.,Rene Descartes
11/8/2023,Hope is a waking dream.,Aristotle
11/9/2023,"Do not talk a little on many subjects, but much on a few.",Pythagoras
11/9/2023,"Trust yourself. Create the kind of self that you will be happy to live with all your life. Make the most of yourself by fanning the tiny, inner sparks of possibility into flames of achievement.",Golda Meir
11/9/2023,Honoring the sacrifices many have made for our country in the name of freedom and democracy is the very foundation of Veterans Day.,Charles B. Rangel
11/13/2023,It is the mark of an educated mind to be able to entertain a thought without accepting it.,Aristotle
11/13/2023,Give a man a fish and you feed him for a day; teach a man to fish and you feed him for a lifetime.,Maimonides
11/14/2023,The whole purpose of education is to turn mirrors into windows.,Sydney J. Harris
11/14/2023,Real riches are the riches possessed inside.,B.C. Forbes
11/15/2023,What is not started today is never finished tomorrow.,Johann Wolfgang von Goethe
11/15/2023,"Life is an unfoldment, and the further we travel the more truth we can comprehend. To understand the things that are at our door is the best preparation for understanding those that lie beyond.",Hypatia
11/15/2023,It's kind of fun to do the impossible.,Walt Disney
11/15/2023,"We make a living by what we get, but we make a life by what we give.",Winston Churchill
11/15/2023,The future is unwritten.,Joe Strummer
11/16/2023,The undertaking of a new action brings new strength.,Richard L. Evans
11/16/2023,"Know how to listen, and you will profit even from those who talk badly.",Plutarch
11/16/2023,There is a real magic in enthusiasm. It spells the difference between mediocrity and accomplishment.,Norman Vincent Peale
11/21/2023,Kind words do not cost much. Yet they accomplish much.,Blaise Pascal
11/21/2023,"It’s never the differences between people that surprise is/ It’s the things that, against all odds, we have in common.",Jodi Picoult
11/22/2023,Thanksgiving is a time of togetherness and gratitude.,Nigel Hamilton
11/22/2023,"Gratitude can transform common days into thanksgivings, turn routine jobs into joy, and change ordinary opportunities into blessings.",William Arthur Ward
11/22/2023,I am grateful for what I am and have. My thanksgiving is perpetual.,Henry David Thoreau
11/27/2023,Begin to be now what you will be hereafter.,William James
11/27/2023,"The ideal man bears the accidents of life with dignity and grace, making the best of circumstances.",Aristotle
11/28/2023,Talk sense to a fool and he calls you foolish.,Euripides
11/28/2023,"Love is all we have, the only way that each can help the other.",Euripides
11/28/2023,Perseverance is not a long race; it is many short races one after the other.,Walter Elliot
11/29/2023,Attitude is a little thing that makes a big difference.,Winston Churchill
11/29/2023,Reject your sense of injury and the injury itself disappears.,Marcus Aurelius
11/29/2023,"Never believe that a few caring people can't change the world. For, indeed, that's all who ever have.",Margaret Mead
11/30/2023, The future is made of the same stuff as the present.,Simon Weil
11/30/2023,"Without change, something sleeps inside us, and seldom awakens. The sleeper must awaken.",Frank Herbert
12/1/2023,"You have been chosen, and you must therefore use such strength and heart and wits as you have.",J.R.R. Tolkien
12/1/2023,"Unity is strength... when there is teamwork and collaboration, wonderful things can be achieved.",Mattie Stepanek
12/4/2023,It is not enough to have a good mind; the main thing is to use it well.,Rene Descartes
12/4/2023,Failure will never overtake me if my determination to succeed is strong enough.,Og Mandino
12/5/2023,"No greater thing is created suddenly, any more than a bunch of grapes or a fig. If you tell me that you desire a fig, I answer you that there must be time. Let it first blossom, then bear fruit, then ripen.",Epictetus
12/5/2023,"Correction does much, but encouragement does more.",Johann Wolfgang von Goethe
12/5/2023,Unless we remember we cannot understand.,E.M. Forster
12/5/2023,He that can have patience can have what he will.,Benjamin Franklin
12/5/2023,Patience is the best remedy for every trouble.,Plautus
12/6/2023,"Too much and too little wine. Give him none, he cannot find truth; give him too much, the same.",Blaise Pascal
12/6/2023,In the depth of winter I finally learned that there was in me an invincible summer.,Albert Camus
12/6/2023,"My dear friend, clear your mind of cant.",Samuel Johnson
12/7/2023,The most worth-while thing is to try to put happiness into the lives of others.,Robert Baden-Powell
12/7/2023,"Look for people who will aim for the remarkable, who will not settle for the routine.",David Ogilvy
12/12/2023,Order and simplification are the first steps toward the mastery of a subject.,Thomas Mann
12/12/2023,Wisdom outweighs any wealth.,Sophocles
12/12/2023,You see things; and you say 'Why?' But I dream things that never were; and I say 'Why not?',George Bernard Shaw
12/13/2023,We are near waking when we dream we are dreaming.,Novalis
12/13/2023,"If you have built castles in the air, your work need not be lost; that is where they should be. Now put the foundations under them.",Henry David Thoreau
12/14/2023,What would life be if we had no courage to attempt anything?,Vincent Van Gogh
12/14/2023,"Practice yourself, for heaven's sake in little things, and then proceed to greater.",Epictetus
12/14/2023,"Imagination is the beginning of creation. You imagine what you desire, you will what you imagine and at last you create what you will.",George Bernard Shaw
12/14/2023,"Unity is strength... when there is teamwork and collaboration, wonderful things can be achieved.",Mattie Stepanek
12/19/2023,"In life, as in chess, forethought wins.",Charles Buxton
12/19/2023,Remember to play after every storm.,Mattie Stepanek
12/19/2023,Hardships often prepare ordinary people for an extraordinary destiny.,C.S. Lewis
12/20/2023,No one has a greater asset for his business than a man's pride in his work.,Hosea Ballou
12/20/2023,"Time has been transformed, and we have changed; it has advanced and set us in motion; it has unveiled its face, inspiring us with bewilderment and exhilaration.",Khalil Gibran
12/21/2023,"Problems are not stop signs, they are guidelines.",Robert H. Schuller
12/21/2023,"You have power over your mind - not outside events. Realize this, and you will find strength.",Marcus Aurelius
12/26/2023,Cherish your human connections: your relationships with friends and family.,Joseph Brodsky
12/26/2023,"Wonder is the feeling of the philosopher, and philosophy begins in wonder.",Plato
12/27/2023,"In seed time learn, in harvest teach, in winter enjoy.",William Blake
12/27/2023,Feedback is a free education to excellence. Seek it with sincerity and receive it with grace.,Alice Marie Houghtaling
12/28/2023,"The new year stands before us, like a chapter in a book, waiting to be written. We can help write that story by setting goals.",Melody Beattie
12/28/2023,Great minds have purposes; others have wishes.,Washington Irving
12/28/2023,"It's not what you look at that matters, it's what you see.",Henry David Thoreau
1/2/2024,"I think in terms of the day's resolutions, not the years'.",Henry Moore
1/2/2024,"Hope lies in dreams, in imagination, and in the courage of those who dare to make dreams into reality.",Jonas Salk
1/2/2024,"I hope that in this year to come, you make mistakes. Because if you are making mistakes, then you are making new things, trying new things, learning, living, pushing yourself, changing yourself, changing your world. You're doing things you've never done before, and more importantly, you're doing something.",Neil Gaiman
1/3/2024,To be is to do.,Immanuel Kant
1/3/2024,"True happiness comes from the joy of deeds well done, the zest of creating things new.",Antoine de Saint-Exupery
1/3/2024,"The world is full of hopeful analogies and handsome, dubious eggs, called possibilities.",George Eliot
1/4/2024,We cast a shadow on something wherever we stand.,E.M. Forster
1/4/2024,"Seek the lofty by reading, hearing and seeing great work at some moment every day.",Thornton Wilder
1/4/2024,"Far away there in the sunshine are my highest aspirations. I may not reach them, but I can look up and see their beauty, believe in them, and try to follow where they lead.",Louisa May Alcott
1/9/2024,"Life is divided into three terms - that which was, which is, and which will be. Let us learn from the past to profit by the present, and from the present, to live better in the future.",William Wordsworth
1/9/2024,The soul's joy lies in doing.,Percy Bysshe Shelley
1/9/2024,Gray skies are just clouds passing over.,Duke Ellington
1/9/2024,Life is a song - sing it. Life is a game - play it. Life is a challenge - meet it. Life is a dream - realize it. Life is a sacrifice - offer it. Life is love - enjoy it.,Sai Baba
1/9/2024,There's no such thing as failure - just waiting for success.,John Osborne
1/10/2024,My sun sets to rise again.,Robert Browning
1/10/2024,A smile is a curve that sets everything straight.,Phyllis Diller
1/10/2024,Inspiration arrives as a packet of material to be delivered.,John Updike
1/11/2024,"If you find it in your heart to care for somebody else, you will have succeeded.",Maya Angelou
1/11/2024,Appreciation is a wonderful thing: It makes what is excellent in others belong to us as well.,Voltaire
1/16/2024,The eagle has no fear of adversity. We need to be like the eagle and have a fearless spirit of a conqueror!,Joyce Meyer
1/16/2024,"Don't go through life, grow through life.",Eric Butterworth
1/16/2024,I have learned that success is to be measured not so much by the position that one has reached in life as by the obstacles which he has had to overcome while trying to succeed.,Booker T. Washington
1/17/2024,Coming together is a beginning; keeping together is progress; working together is success.,Edward Everett Hale
1/17/2024,Stand up to your obstacles and do something about them. You will find that they haven't half the strength you think they have.,Norman Vincent Peale
1/18/2024,"Life is not an exact science, it is an art.",Samuel Butler
1/18/2024,Always seek out the seed of triumph in every adversity.,Og Mandino
1/18/2024,"Gratitude makes sense of our past, brings peace for today, and creates a vision for tomorrow.",Melody Beattie
1/18/2024,"Our life is the sum total of all the decisions we make every day, and those decisions are determined by our priorities.",Myles Munroe
1/23/2024,We are not permitted to choose the frame of our destiny. But what we put into it is ours.,Dag Hammarskjold
1/23/2024,Belief creates the actual fact.,William James
1/23/2024,"Enthusiasm is the mother of effort, and without it nothing great was ever achieved.",Ralph Waldo Emerson
1/24/2024,There is nothing in a caterpillar that tells you it's going to be a butterfly.,R. Buckminster Fuller
1/24/2024,"Every time you tear a leaf off a calendar, you present a new place for new ideas and progress.",Charles Kettering
1/25/2024,Let him that would move the world first move himself.,Socrates
1/25/2024,"Buy the ticket, take the ride.",Hunter S. Thompson
1/25/2024,Believe and act as if it were impossible to fail.,Charles Kettering
1/30/2024,We are all faced with a series of great opportunities brilliantly disguised as impossible situations.,Charles R. Swindoll
1/30/2024,Wherever you are - be all there.,Jim Elliot
1/30/2024,"I look for what needs to be done. After all, that's how the universe designs itself.",R. Buckminster Fuller
1/31/2024,When you cannot make up your mind which of two evenly balanced courses of action you should take - choose the bolder.,William Slim
1/31/2024,"Life is divided into three terms - that which was, which is, and which will be. Let us learn from the past to profit by the present, and from the present, to live better in the future.",William Wordsworth
2/1/2024,"Unity is strength... when there is teamwork and collaboration, wonderful things can be achieved.",Mattie Stepanek
2/1/2024,"A single twig breaks, but the bundle of twigs is strong.",Tecumseh
2/1/2024,"Positivity is like a muscle: keep exercising it, and it becomes a habit.",Natalie Massenet
2/1/2024,One person with a belief is equal to ninety-nine who have only interests.,John Stuart Mill
2/1/2024,Every failure is a step to success.,William Whewell
2/1/2024,Perseverance is not a long race; it is many short races one after the other.,Walter Elliot
2/1/2024,Genius is eternal patience.,Michelangelo
2/6/2024,"It is not because things are difficult that we do not dare, it is because we do not dare that they are difficult.",Lucius Annaeus Seneca
2/6/2024,The roots of all goodness lie in the soil of appreciation for goodness.,Dalai Lama
2/6/2024,"Gratitude is the healthiest of all human emotions. The more you express gratitude for what you have, the more likely you will have even more to express gratitude for.",Zig Ziglar
2/7/2024,Patience and perseverance have a magical effect before which difficulties disappear and obstacles vanish.,John Quincy Adams
2/7/2024,Yesterday ended last night. Today is a brand-new day.,Zig Ziglar
2/7/2024,Expect problems and eat them for breakfast.,Alfred A. Montapert
2/7/2024,"It is by going down into the abyss that we recover the treasures of life. Where you stumble, there lies your treasure.",Joseph Campbell
2/8/2024,Next to excellence is the appreciation of it.,William Makepeace Thackeray
2/8/2024,One of the most sincere forms of respect is actually listening to what another has to say.,Bryant H. McGill
2/8/2024,Think like a wise man but communicate in the language of the people.,William Butler Yeats
2/8/2024,Effort only fully releases its reward after a person refuses to quit.,Napoleon Hill
2/8/2024,Curiosity will conquer fear even more than bravery will.,James Stephens
2/9/2024,Great works are performed not by strength but by perseverance.,Samuel Johnson
2/9/2024,Coming together is a beginning; keeping together is progress; working together is success.,Edward Everett Hale
2/13/2024,There is no instinct like that of the heart.,Lord Byron
2/13/2024,The only way to discover the limits of the possible is to go beyond them into the impossible.,Arthur C. Clarke
2/13/2024,"Success is the result of perfection, hard work, learning from failure, loyalty, and persistence.",Colin Powell
2/14/2024,"Time is too slow for those who wait, too swift for those who fear, too long for those who grieve, too short for those who rejoice, but for those who love, time is eternity.",Henry Van Dyke
2/14/2024,A loving heart is the truest wisdom.,Charles Dickens
2/14/2024,I feel that there is nothing more truly artistic than to love people.,Vincent Van Gogh
2/14/2024,Love is composed of a single soul inhabiting two bodies.,Aristotle
2/15/2024,"Even if the last move did not succeed, the inner command says move again.",Seamus Heaney
2/15/2024,You begin with the possibilities of the material.,Robert Rauschenberg
2/15/2024,"Earn your success based on service to others, not at the expense of others.","H. Jackson Brown, Jr."
2/20/2024,Nobody cares if you can't dance well. Just get up and dance.,Dave Barry
2/20/2024,"Endurance is not just the ability to bear a hard thing, but to turn it into glory.",William Barclay
2/21/2024,Good manners don't cost nothing.,Lemmy
2/21/2024,"It is the mind that maketh good or ill, That maketh wretch or happy, rich or poor.",Michel de Montaigne
2/21/2024,You cannot create experience. You must undergo it.,Albert Camus
2/22/2024,Without labor nothing prospers.,Sophocles
2/22/2024,"Observe due measure, for right timing is in all things the most important factor.",Hesiod
2/22/2024,"Life is one big road with lots of signs. So when you riding through the ruts, don't complicate your mind. Flee from hate, mischief and jealousy. Don't bury your thoughts, put your vision to reality. Wake Up and Live!",Bob Marley
2/26/2024,Great things are done by a series of small things brought together.,Vincent Van Gogh
2/26/2024,"Great dancers are not great because of their technique, they are great because of their passion.",Martha Graham
2/27/2024,They can because they think they can.,Virgil
2/27/2024,Start where you are. Use what you have. Do what you can.,Arthur Ashe
2/27/2024,Expect problems and eat them for breakfast.,Alfred A. Montapert
2/28/2024,Perfection is attained by slow degrees; it requires the hand of time.,Voltaire
2/28/2024,Live constructively and live optimistically.,Alfred A. Montapert
2/29/2024,It's always too early to quit.,Norman Vincent Peale
2/29/2024,"The major work of the world is not done by geniuses. It is done by ordinary people, with balance in their lives, who have learned to work in an extraordinary manner.",Gordon B. Hinckley
2/29/2024,"Earn your success based on service to others, not at the expense of others.","H. Jackson Brown,Jr."
3/5/2024,"Life belongs to the living, and he who lives must be prepared for changes.",Johann Wolfgang von Goethe
3/5/2024,The noblest pleasure is the joy of understanding.,Leonardo da Vinci
3/5/2024,Genius is eternal patience.,Michelangelo
3/5/2024,The whole secret of life is to be interested in one thing profoundly and in a thousand things well.,Horace Walpole
3/5/2024,"Design must be functional, and functionality must be translated into visual aesthetics without any reliance on gimmicks that have to be explained.",Ferdinand Porsche
3/5/2024,Experience is simply the name we give our mistakes.,Oscar Wilde
3/6/2024,Always do whatever's next.,George Carlin
3/6/2024,"Everything is theoretically impossible, until it is done.",Robert A. Heinlein
3/6/2024,"Respect for ourselves guides our morals, respect for others guides our manners.",Laurence Sterne
3/6/2024,A man who is a master of patience is master of everything else.,George Savile
3/6/2024,"Without change, something sleeps inside us, and seldom awakens. The sleeper must awaken.",Frank Herbert
3/7/2024,You can't cross the sea merely by standing and staring at the water.,Rabindranath Tagore
3/7/2024,"Progress lies not in enhancing what is, but in advancing toward what will be.",Khalil Gibran
3/7/2024,"The foundation stones for a balanced success are honesty, character, integrity, faith, love and loyalty.",Zig Ziglar
3/12/2024,Creativity takes courage.,Henri Matisse
3/12/2024,Fortune favors the prepared mind.,Louis Pasteur
3/12/2024,"A gem cannot be polished without friction, nor a man perfected without trials.",Lucius Annaeus Seneca
3/13/2024,"The greater the difficulty, the greater the glory.",Marcus Tullius Cicero
3/13/2024,"All the adversity I've had in my life, all my troubles and obstacles, have strengthened me... You may not realize it when it happens, but a kick in the teeth may be the best thing in the world for you.",Walt Disney
3/14/2024,Patience is the art of hoping.,Luc de Clapiers
3/14/2024,Always do whatever's next.,George Carlin
3/14/2024,A will finds a way.,Orison Swett Marden
3/14/2024,Nothing great in the world has ever been accomplished without passion.,Georg Wilhelm Friedrich Hegel
3/15/2024,The secret of happiness is something to do.,John Burroughs
3/15/2024,Difficulties are things that show a person what they are.,Epictetus
3/15/2024,It is the mark of an educated mind to be able to entertain a thought without accepting it.,Aristotle
3/18/2024,"Positivity is like a muscle: keep exercising it, and it becomes a habit.",Natalie Massenet
3/18/2024,"Teamwork is the best kind of work, really.",Sigrid
3/19/2024,"Destiny is no matter of chance. It is a matter of choice. It is not a thing to be waited for, it is a thing to be achieved.",William Jennings Bryan
3/19/2024,"The highest and most beautiful things in life are not to be heard about, nor read about, nor seen but, if one will, are to be lived.",Soren Kierkegaard
3/19/2024,The general who wins the battle makes many calculations in his temple before the battle is fought. The general who loses makes but few calculations beforehand.,Sun Tzu
3/20/2024,Sometimes adversity is what you need to face in order to become successful.,Zig Ziglar
3/20/2024,"Enthusiasm is excitement with inspiration, motivation, and a pinch of creativity.",Bo Bennett
3/20/2024,A thought is an idea in transit.,Pythagoras
3/21/2024,We think too much and feel too little.,Charlie Chaplin
3/21/2024,Ability is what you're capable of doing. Motivation determines what you do. Attitude determines how well you do it.,Lou Holtz
3/21/2024,"For success, attitude is equally as important as ability.",Walter Scott
3/26/2024,Anyone who has never made a mistake has never tried anything new.,Albert Einstein
3/26/2024,"The key is to keep company only with people who uplift you, whose presence calls forth your best.",Epictetus
3/26/2024,"Problems are not stop signs, they are guidelines.",Robert H. Schuller
3/27/2024,Imagination is the true magic carpet.,Norman Vincent Peale
3/27/2024,There's no time for regrets. You've just got to keep moving forward.,Mike McCready
3/27/2024,Never look back unless you are planning to go that way.,Henry David Thoreau
3/28/2024,Nothing can be done except little by little.,Charles Baudelaire
3/28/2024,"Man is so made that when anything fires his soul, impossibilities vanish.",Jean de La Fontaine
3/28/2024,Whosoever desires constant success must change his conduct with the times.,Niccolo Machiavelli
3/28/2024,"I think you've just got to have everyone buy in, working towards a common goal. Doesn't matter who gets the credit. Really doesn't.",Connor McDavid
3/28/2024,He that can have patience can have what he will.,Benjamin Franklin
3/28/2024,"If you're going to preach dedication, work ethic, teamwork, unselfishness, and being part of a team to accomplish a common goal, you have to live it - you can't just talk about it.",Chris Mullin
4/2/2024,"We have all the light we need, we just need to put it in practice.",Albert Pike
4/2/2024,Fortune favors the prepared mind.,Louis Pasteur
4/2/2024,"We can feel joy even while having a bad day, a bad week, or even a bad year!",Russell M. Nelson
4/3/2024,It can’t rain all the time….,"Eric Draven, The Crow"
4/3/2024,The only sure weapon against bad ideas is better ideas.,Alfred Whitney Griswold
4/3/2024,"If you want to lift yourself up, lift up someone else.",Booker T. Washington
4/3/2024,"Set your course by the stars, not by the lights of every passing ship.",Omar N. Bradley
4/4/2024,"It's not just a question of conquering a summit previously unknown, but of tracing, step by step, a new pathway to it.",Gustav Mahler
4/4/2024,"Life is too short, and the time we waste in yawning never can be regained.",Stendhal
4/4/2024,Opportunity dances with those already on the dance floor.,"H. Jackson Brown, Jr."
4/9/2024,"Imagination is the beginning of creation. You imagine what you desire, you will what you imagine and at last you create what you will.",George Bernard Shaw
4/9/2024,"A man, to be greatly good, must imagine intensely and comprehensively; he must put himself in the place of another and of many others; the pains and pleasures of his species must become his own.",Percy Bysshe Shelly
4/10/2024,"The direction of your focus is the direction your life will move. Let yourself move toward what is good, valuable, strong and true.",Ralph Marston
4/10/2024,"It isn't what you have, or who you are, or where you are, or what you are doing that makes you happy or unhappy. It is what you think about.",Dale Carnegie
4/10/2024,Dreams are illustrations from the book your soul is writing about you.,Marsha Norman
4/11/2024,"The greater the difficulty, the greater the glory.",Marcus Tullius Cicero
4/11/2024,The secret of success is constancy to purpose.,Benjamin Disraeli
4/11/2024,Whatever is worth doing at all is worth doing well.,"Philip Stanhope, 4th Earl of Chesterfield"
4/11/2024,Perseverance is not a long race; it is many short races one after the other.,Walter Elliot
4/11/2024,"Work hard, be kind, and amazing things will happen.",Conan O’Brien
4/11/2024,"No matter what people tell you, words and ideas can change the world.",Robin Williams
4/16/2024,"The best and safest thing is to keep a balance in your life, acknowledge the great powers around us and in us. If you can do that, and live that way, you are really a wise man.",Euripides
4/16/2024,"What is the good of your stars and trees, your sunrise and the wind, if they do not enter into our daily lives?",E.M. Forster
4/16/2024,"With the coming of spring, I am calm again.",Gustav Mahler
4/17/2024,"Do something wonderful, people may imitate it.",Albert Schweitzer
4/17/2024,There is never time in the future in which we will work out our salvation. The challenge is in the moment; the time is always now.,James Baldwin
4/17/2024,Find something you're passionate about and keep tremendously interested in it.,Julia Child
4/18/2024,Wise are they who have learned these truths: Trouble is temporary. Time is tonic. Tribulation is a test tube.,"William Arthur Ward

"
4/18/2024,"Talent perceives differences; genius, unity.",William Butler Yeats
4/18/2024,"The harder you work, the harder it is to surrender.",Vince Lombardi
4/18/2024,To expect the unexpected shows a thoroughly modern intellect.,Oscar Wilde
4/23/2024,The beginning is always today.,Mary Wollstonecraft
4/23/2024,Appreciation is a wonderful thing: It makes what is excellent in others belong to us as well.,Voltaire
4/23/2024,"Either I will find a way, or I will make one.",Philip Sidney
4/24/2024,"In the world of words, the imagination is one of the forces of nature.",Wallace Stevens
4/24/2024,I dwell in possibility.,Emily Dickinson
4/24/2024,"One who never turned his back but marched breast forward, never doubted clouds would break, Never dreamed, though right were worsted, wrong would triumph, Held we fall to rise, are baffled to fight better, sleep to wake.",Robert Browning
4/25/2024,It takes but one positive thought when given a chance to survive and thrive to overpower an entire army of negative thoughts.,Robert H. Schuller
4/25/2024,"To give anything less than your best, is to sacrifice the gift.",Steve Prefontaine
4/25/2024,You miss 100% of the shots you don't take.,Wayne Gretzky
4/29/2024,You can't wait for inspiration. You have to go after it with a club.,Jack London
4/30/2024,"What do we live for, if not to make life less difficult for each other?",George Eliot
4/30/2024,Sometimes the best way to learn something is by doing it wrong and looking at what you did.,Neil Gaiman
4/30/2024,Pleasure in the job puts perfection in the work.,Aristotle
5/1/2024,Courage is knowing what not to fear.,Plato
5/1/2024,Success is achieved and maintained by those who try and keep trying.,W. Clement Stone
5/1/2024,Think in the morning. Act in the noon. Eat in the evening. Sleep in the night.,William Blake
5/2/2024,"You were designed for accomplishment, engineered for success, and endowed with the seeds of greatness.",Zig Ziglar
5/2/2024,"I must not fear. Fear is the mind-killer. Fear is the little-death that brings total obliteration. I will face my fear. I will permit it to pass over me and through me. And when it has gone past, I will turn the inner eye to see its path. Where the fear has gone, there will be nothing. Only I will remain.","Frank Herbert (Dune, Bene Gesserit Litany against Fear)"
5/2/2024,"Change your life today. Don't gamble on the future, act now, without delay.",Simone de Beauvoir
5/2/2024,If you have zest and enthusiasm you attract zest and enthusiasm. Life does give back in kind.,Norman Vincent Peale
5/2/2024,"I hear, I know. I see, I remember. I do, I understand.",Confucius
5/7/2024,"What we plant in the soil of contemplation, we shall reap in the harvest of action.",Meister Eckhart
5/7/2024,"Never stop fighting until you arrive at your destined place - that is, the unique you. Have an aim in life, continuously acquire knowledge, work hard, and have perseverance to realise the great life.",A.P.J. Abdul Kalam
5/8/2024,"If you do not think about your future, you cannot have one.",John Galsworthy
5/8/2024,An absolutely new idea is one of the rarest things known to man.,Thomas More
5/8/2024,What would life be if we had no courage to attempt anything?,Vincent Van Gogh
5/8/2024,Opportunities to find deeper powers within ourselves come when life seems most challenging.,Joseph Campbell
5/8/2024,The five separate fingers are five independent units. Close them and the fist multiplies strength. This is organization.,James Cash Penney
5/9/2024,In the realm of ideas everything depends on enthusiasm... in the real world all rests on perseverance.,Johann Wolfgang von Goethe
5/9/2024,All great achievements require time.,Maya Angelou
5/9/2024,"The good life is a process, not a state of being. It is a direction not a destination.",Carl Rogers
5/14/2024,The noblest pleasure is the joy of understanding.,Leonardo da Vinci
5/14/2024,One of the most sincere forms of respect is actually listening to what another has to say.,Bryant H. McGill
5/14/2024,Appreciation is a wonderful thing: It makes what is excellent in others belong to us as well.,Voltaire
5/14/2024,Positivity helps with everything in life.,Stella Maxwell
5/14/2024,"Put your heart, mind, and soul into even your smallest acts. This is the secret of success.",Swami Sivananda
5/15/2024,It is not the mountain we conquer but ourselves.,Edmund Hillary
5/15/2024,"Life is too short, and the time we waste in yawning never can be regained.",Stendhal
5/15/2024,I consider my ability to arouse enthusiasm among men the greatest asset I possess. The way to develop the best that is in a man is by appreciation and encouragement.,Charles M. Schwab
5/16/2024,"Fortitude is the marshal of thought, the armor of the will, and the fort of reason.",Francis Bacon
5/16/2024,Focus on the positives and be grateful.,Katrina Bowden
5/16/2024,Love the moment and the energy of that moment will spread beyond all boundaries.,Corita Kent
5/21/2024,Stand up to your obstacles and do something about them. You will find that they haven't half the strength you think they have.,Norman Vincent Peale
5/21/2024,"I know of nothing more valuable, when it comes to the all-important virtue of authenticity, than simply being who you are.",Charles R. Swindoll
5/21/2024,Rough diamonds may sometimes be mistaken for worthless pebbles.,Thomas Browne
5/21/2024,It is the chiefest point of happiness that a man is willing to be what he is.,Desiderius Erasmus
5/21/2024,Character is simply habit long continued.,Plutarch
5/22/2024,Anybody who succeeds is helping people. The secret to success is find a need and fill it; find a hurt and heal it; find a problem and solve it.,Robert H. Schuller
5/22/2024,No one knows what he can do until he tries.,Publilius Syrus
5/23/2024,Is there anyone so wise as to learn by the experience of others?,Voltaire
5/23/2024,Experience is the teacher of all things.,Julius Caesar
5/23/2024,"Every morning brings new potential, but if you dwell on the misfortunes of the day before, you tend to overlook tremendous opportunities.",Harvey Mckay
5/28/2024,I don't think anything is unrealistic if you believe you can do it.,Richard L. Evans
5/28/2024,Try to be a rainbow in someone's cloud.,Maya Angelou
5/28/2024,Hope is the thing with feathers that perches in the soul - and sings the tunes without the words - and never stops at all.,Emily Dickinson
5/29/2024,"Thinking is more interesting than knowing, but less interesting than looking.",Johann Wolfgang von Goethe
5/29/2024,Tell everyone what you want to do and someone will want to help you do it.,W. Clement Stone
5/29/2024,"By appreciation, we make excellence in others our own property.",Voltaire
5/30/2024,It doesn't matter if the water is cold or warm if you're going to have to wade through it anyway.,Pierre Teilhard de Chardin
5/30/2024,"Never let the future disturb you. You will meet it, if you have to, with the same weapons of reason which today arm you against the present.",Marcus Aurelius
5/30/2024,All good things which exist are the fruits of originality.,John Stuart Mill
6/3/2024,Unless we remember we cannot understand.,E.M. Forster
6/3/2024,"Zeal is a volcano, the peak of which the grass of indecisiveness does not grow.",Khalil Gibran
6/4/2024,Things start out as hopes and end up as habits.,Lillian Hellman
6/4/2024,"Learning too soon our limitations, we never learn our powers.",Mignon McLaughlin
6/4/2024,Do not let what you cannot do interfere with what you can do.,John Wooden
6/5/2024,"If you can imagine it, you can achieve it. If you can dream it, you can become it.",William Ward
6/5/2024,"Know what you want to do, hold the thought firmly, and do every day what should be done, and every sunset will see you that much nearer to your goal.",Elbert Hubbard
6/5/2024,"As youngsters, my mother taught her children that while we might not be the smartest people around, we could be courteous, polite and considerate of others.",Zig Ziglar
6/6/2024,"When you are enthusiastic about what you do, you feel this positive energy. It's very simple.",Paolo Coelho
6/6/2024,The aim of life is appreciation; there is no sense in not appreciating things; and there is no sense in having more of them if you have less appreciation of them.,Gilbert K. Chesterton
6/6/2024,"Three grand essentials to happiness in this life are something to do, something to love, and something to hope for.",Joseph Addison
6/6/2024,"Let your hopes, not your hurts, shape your future.",Robert H. Schuller
6/6/2024,"Gratitude is not only the greatest of virtues, but the parent of all the others.",Marcus Tullius Cicero
6/6/2024,"Tough times never last, but tough people do.",Robert H. Schuller
6/6/2024,"I've noticed that throughout my experience, when you keep positive energy, positive things happen.",Shai Gilgeous-Alexander
6/12/2024,Each day is the scholar of yesterday.,Publilius Syrus
6/12/2024,Where there is unity there is always victory.,Publilius Syrus
6/12/2024,Whatever life throws at me I'll take it and be grateful for it as well.,Tom Felton
6/12/2024,"Come what may, all bad fortune is to be conquered by endurance.",Vitgil
6/12/2024,"On life's vast ocean diversely we sail. Reasons the card, but passion the gale.",Alexander Pope
6/12/2024,"Forgive me my nonsense, as I also forgive the nonsense of those that think they talk sense.",Robert Frost
6/13/2024,Great works are performed not by strength but by perseverance.,Samuel Johnson
6/13/2024,When it comes to life the critical thing is whether you take things for granted or take them with gratitude.,Gilbert K. Chesterton
6/13/2024,The thankful receiver bears a plentiful harvest.,William Blake
6/13/2024,Don't watch the clock; do what it does. Keep going.,Sam Levenson
6/13/2024,"I slept and dreamt that life was joy. I awoke and saw that life was service. I acted and behold, service was joy.",Rabindranath Tagore
6/13/2024,"There is an invisible strength within us; when it recognizes two opposing objects of desire, it grows stronger.",Rumi
6/13/2024,"Act well your part, there all the honour lies.",Alexander Pope
6/25/2024,"To find out what one is fitted to do, and to secure an opportunity to do it, is the key to happiness.",John Dewey
6/25/2024,Far and away the best prize that life has to offer is the chance to work hard at work worth doing.,Theodore Roosevelt
6/25/2024,"Recognition is a reward in itself. Any form of appreciation, even a small word, is important.",Vikrant Massey
6/26/2024,"We all have dreams. But in order to make dreams come into reality, it takes an awful lot of determination, dedication, self-discipline, and effort.",Jesse Owens
6/26/2024,"If you believe in yourself and have dedication and pride - and never quit, you'll be a winner. The price of victory is high but so are the rewards.",Bear Bryant
6/28/2024,Being fully present is the best guarantee for a bright future.,Guy Finley
6/28/2024,"Destiny is no matter of chance. It is a matter of choice. It is not a thing to be waited for, it is a thing to be achieved.",William Jennings Bryan
6/28/2024,I consider my ability to arouse enthusiasm among men the greatest asset I possess. The way to develop the best that is in a man is by appreciation and encouragement.,Charles M. Schwab
6/28/2024,Appreciation is a wonderful thing: It makes what is excellent in others belong to us as well.,Voltaire
6/28/2024,"Gratitude makes sense of our past, brings peace for today, and creates a vision for tomorrow.",Melody Beattie
7/4/2024,What then is freedom? The power to live as one wishes.,Marcus Tullius Cicero
7/4/2024,Independence is happiness.,Susan B. Anthony
7/4/2024,"Liberty, when it begins to take root, is a plant of rapid growth.",George Washington
7/9/2024,Start where you are. Use what you have. Do what you can.,Arthur Ashe
7/9/2024,The whole is more than the sum of its parts.,Aristotle
7/9/2024,This world is but a canvas to our imagination.,Henry David Thoreau
7/15/2024,"My dear friend, clear your mind of can’t.",Samuel Johnson
7/15/2024,"No matter how much success you're having, you can't continue working together if you can't communicate.",Matt Cameron
7/18/2024,"Recognition is a reward in itself. Any form of appreciation, even a small word, is important.",Vikrant Massey
7/18/2024,"Without feelings of respect, what is there to distinguish men from beasts?",Confucius
7/31/2024,A friend is a gift you give yourself.,Robert Louis Stevenson
7/31/2024,This is the precept by which I have lived: Prepare for the worst; expect the best; and take what comes.,Hannah Arendt
8/1/2024,All human wisdom is summed up in two words; wait and hope.,Alexandre Dumas
8/1/2024,"When you quiet your mind, you can enter a world of clarity, peace and understanding.",Alice Coltrane
8/12/2024,"Today I choose life. Every morning when I wake up I can choose joy, happiness, negativity, pain... To feel the freedom that comes from being able to continue to make mistakes and choices - today I choose to feel life, not to deny my humanity but embrace it.",Kevyn Aucoin
8/12/2024,The thankful receiver bears a plentiful harvest.,William Blake
8/12/2024,"By appreciation, we make excellence in others our own property.",Voltaire
8/19/2024,"To know, is to know that you know nothing. That is the meaning of true knowledge.",Socrates
8/19/2024,"When you quiet your mind, you can enter a world of clarity, peace and understanding.",Alice Coltrane
8/19/2024,Genius is eternal patience.,Michelangelo
8/29/2024,It takes but one positive thought when given a chance to survive and thrive to overpower an entire army of negative thoughts.,Robert H. Schuller
8/29/2024,"When you start out in a team, you have to get the teamwork going and then you get something back.",Michael Schumacher
8/29/2024,The future is unwritten.,Joe Strummer
9/3/2024,Experience is one thing you can't get for nothing.,Oscar Wilde
9/3/2024,"Between saying and doing, many a pair of shoes is worn out.",Iris Murdoch
9/3/2024,"We know what we are, but know not what we may be.",William Shakespeare
9/3/2024,"If you think you can do it, you can.",John Burroughs
9/3/2024,Cheerfulness is the best promoter of health and is as friendly to the mind as to the body.,John Addison
9/5/2024,"Patience is bitter, but its fruit is sweet.",Jean-Jacques Rousseau
9/5/2024,The possibilities are numerous once we decide to act and not react.,George Bernard Shaw
9/5/2024,"You've done it before and you can do it now. See the positive possibilities. Redirect the substantial energy of your frustration and turn it into positive, effective, unstoppable determination.",Ralph Marston
9/5/2024,Nothing is worth more than this day.,Johann Wolfgang von Goethe
9/5/2024,Sometimes things aren't clear right away. That's where you need to be patient and persevere and see where things lead.,Mary Pierce
9/10/2024,"What we do in life, echoes in eternity",Marcus Aurelius
9/10/2024,"You have power over your mind - not outside events. Realize this, and you will find strength.",Marcus Aurelius
9/10/2024,"When adversity strikes, that's when you have to be the most calm. Take a step back, stay strong, stay grounded and press on.",LL Cool J
9/17/2024,Be patient and understanding. Life is too short to be vengeful or malicious.,Phillips Brooks
9/17/2024,Never mistake motion for action.,Ernest Hemingway
9/18/2024,It's a wonderful thing to be optimistic. It keeps you healthy and it keeps you resilient.,Daniel Kahneman
9/18/2024,Everything that is made beautiful and fair and lovely is made for the eye of one who sees.,Rumi
9/18/2024,The only way round is through.,Robert Frost
9/19/2024,You can find peace amidst the storms that threaten you.,Joseph B. Wirthlin
9/24/2024,"The artist is nothing without the gift, but the gift is nothing without work.",Emile Zola
9/25/2024,"Great thoughts speak only to the thoughtful mind, but great actions speak to all mankind.",Theodore Roosevelt
9/25/2024,It is not the voice that commands the story; it is the ear.,Italo Calvino
9/26/2024,"Let your mind alone, and see what happens.",Virgil Thomson
9/26/2024,Only those who will risk going too far can possibly find out how far one can go.,T.S. Eliot
9/27/2024,"The young man knows the rules, but the old man knows the exceptions.","Oliver Wendell Holmes, Sr."
9/27/2024,What happens is not as important as how you react to what happens.,Ellen Glasgow
10/1/2024,Genius is eternal patience.,Michelangelo
10/1/2024,"The learner always begins by finding fault, but the scholar sees the positive merit in everything.",Georg Wilhelm Friedrich Hegel
10/4/2024,The greatest use of a life is to spend it on something that will outlast it.,William James
10/4/2024,Man lives in a world of meaning.,George Herbert Mead
10/4/2024,"Life is like riding a bicycle. To keep your balance, you must keep moving.",Albert Einstein
10/15/2024,Greatness is a road leading towards the unknown.,Charles de Gaulle
10/15/2024,The enemy of art is the absence of limitations.,Orson Welles
10/16/2024,"Positivity is like a muscle: keep exercising it, and it becomes a habit.",Natalie Massenet
10/16/2024,"To imagine is everything, to know is nothing at all.",Anatole France
10/16/2024,Keep well; that is the half of wisdom and of happiness.,Emile Zola
10/18/2024,"I can, therefore I am.",Simone Weil
10/18/2024,The question isn't who is going to let me; it's who is going to stop me.,Ayn Rand
10/18/2024,"Life moves fast. As much as you can learn from your history, you have to move forward.",Eddie Vedder
10/21/2024,"To pay attention, this is our endless and proper work.",Mary Oliver
10/21/2024,"Oh while I live, to be the ruler of life, not a slave, to meet life as a powerful conqueror, and nothing exterior to me will ever take command of me.",Walt Whitman
11/13/2024,"The proper function of man is to live, not to exist. I shall not waste my days in trying to prolong them. I shall use my time.",Jack London
11/13/2024,Be active to your full capabilities.,Vera Lynn
11/13/2024,"Life is like riding a bicycle. To keep your balance, you must keep moving.",Albert Einstein
11/13/2024,Just because something doesn't do what you planned it to do doesn't mean it's useless.,Thomas A. Edison
11/13/2024,Let not your mind run on what you lack as much as on what you have already.,Marcus Aurelius
11/25/2024,"No man is an island, entire of itself; every man is a piece of the continent.",John Donne
11/25/2024,"Knowledge comes, but wisdom lingers.",Alfred Lord Tennyson
11/26/2024,The only way to have a friend is to be one.,Ralph Waldo Emerson
11/26/2024,Gratitude is the sign of noble souls.,Aesop
12/6/2024,Leadership is influence.,John C. Maxwell
12/6/2024,The most important thing is to try and inspire people so that they can be great in whatever they want to do.,Kobe Bryant
12/12/2024,Effort only fully releases its reward after a person refuses to quit.,Napoleon Hill
12/12/2024,"Few things can help an individual more than to place responsibility on him, and to let him know that you trust him.",Booker T. Washington
12/23/2024,Stop worrying about where the arrow lands. Master the art of drawing the bow.,Shane Parrish
12/26/2024,Creativity is intelligence having fun.,Albert Einstein
12/27/2024,"In seed time learn, in harvest teach, in winter enjoy.",William Blake
12/27/2024,The best way out is always through.,Robert Frost
12/27/2024,What we call the secret of happiness is no more a secret than our willingness to choose life.,Leo Buscaglia
12/30/2024,"Be at war with your vices, at peace with your neighbors, and let every new year find you a better man.",Benjamin Franklin
12/30/2024,"Year's end is neither an end nor a beginning but a going on, with all the wisdom that experience can instill in us.",Hal Borland
1/7/2024,"Magic is believing in yourself, if you can do that, you can make anything happen.",Johann Wolfgang von Goethe
1/7/2024,"Life is divided into three terms - that which was, which is, and which will be. Let us learn from the past to profit by the present, and from the present, to live better in the future.",William Wordsworth
1/7/2024,"Never let the future disturb you. You will meet it, if you have to, with the same weapons of reason which today arm you against the present.",Marcus Aurelius
1/7/2024,Where there is unity there is always victory.,Publilius Syrus
